city,population,profit
Existing-01,12.031,11.033
Existing-02,13.997,16.562
Existing-03,11.338,11.931
Existing-04,10.807,9.959
Existing-05,14.627,17.603
Existing-06,11.107,5.989
Existing-07,12.712,9.436
Existing-08,12.294,8.135
Existing-09,14.622,12.409
Existing-10,10.227,4.416
Existing-11,16.446,17.449
Existing-12,9.458,6.733
Existing-13,12.994,7.445
Existing-14,12.478,8.105
Existing-15,9.212,7.94
Existing-16,13.37,14.357
Existing-17,10.467,14.146
Existing-18,8.375,14.225
Existing-19,13.962,13.876
Existing-20,7.585,2.355
Existing-21,8.786,0.585
Existing-22,11.296,10.292
Existing-23,14.587,11.183
Existing-24,13.659,11.192
Existing-25,11.968,8.628
Existing-26,7.034,4.077
Existing-27,9.334,10.192
Existing-28,9.933,8.36
Existing-29,8.273,5.501
Existing-30,6.66,1.125
Existing-31,11.471,5.061
Existing-32,13.811,11.173
Existing-33,9.701,7.493
Existing-34,14.52,18.329
Existing-35,7.373,5.239
Existing-36,8.145,8.544
Existing-37,11.393,8.26
Existing-38,9.462,4.042
Existing-39,13.413,9.36
Existing-40,12.665,9.141
Existing-41,9.657,13.551
Existing-42,7.534,2.765
Existing-43,9.337,9.558
Existing-44,12.769,8.767
Existing-45,13.596,14.888
Existing-46,9.474,8.451
Existing-47,6.653,3.578
Existing-48,7.282,4.652
Existing-49,12.423,9.05
Existing-50,9.61,8.785
Existing-51,9.678,6.342
Existing-52,8.111,2.321
Existing-53,8.073,2.128
Existing-54,14.433,13.758
Existing-55,12.57,15.48
Existing-56,8.981,7.235
Existing-57,11.13,9.012
Existing-58,11.743,10.874
Existing-59,18.708,22.019
Existing-60,7.904,6.12
